<?xml version="1.0" encoding="UTF-8"?>
<project-private xmlns="http://www.netbeans.org/ns/project-private/1">
    <editor-bookmarks xmlns="http://www.netbeans.org/ns/editor-bookmarks/2" lastBookmarkId="0"/>
    <open-files xmlns="http://www.netbeans.org/ns/projectui-open-files/2">
        <group>
            <file>file:/C:/Users/owoye001/Documents/NetBeansProjects/SimpleShootingGame/src/simpleshootinggame/ShootingGame.java</file>
            <file>file:/C:/Users/owoye001/Documents/NetBeansProjects/SimpleShootingGame/src/simpleshootinggame/SimpleShootingGame.java</file>
            <file>file:/C:/Users/owoye001/Documents/NetBeansProjects/SimpleShootingGame/src/simpleshootinggame/WelcomeScreen.java</file>
            <file>file:/C:/Users/owoye001/Documents/NetBeansProjects/SimpleShootingGame/src/simpleshootinggame/Loading.java</file>
            <file>file:/C:/Users/owoye001/Documents/NetBeansProjects/SimpleShootingGame/src/simpleshootinggame/BasicStage.java</file>
            <file>file:/C:/Users/owoye001/Documents/NetBeansProjects/SimpleShootingGame/nbproject/build-impl.xml</file>
            <file>file:/C:/Users/owoye001/Documents/NetBeansProjects/SimpleShootingGame/src/simpleshootinggame/GameOver.java</file>
        </group>
    </open-files>
</project-private>
